time,node,event_type,alert,op_text,detail
2026-09-29 14:08:00,dorm-b,anomaly_start,持续高温时间较长,,"{""eid"":1790662080000,""status"":""偏热"",""temp"":32.5,""hum"":58}"
2026-09-29 14:08:00,dorm-b,priority,持续高温时间较长,,"{""eid"":1790662080000,""reason"":""only"",""durationMs"":0,""count"":1}"
2026-09-29 14:10:00,dorm-b,action,持续高温时间较长,开启风扇,"{""eid"":1790662080000,""devices"":{""fan"":true,""dehumidifier"":false,""light"":false},""mode"":null,""op"":""fan""}"
2026-09-29 14:50:00,dorm-b,reading,持续高温时间较长,,"{""eid"":1790662080000,""seq"":1,""temp"":26.8,""hum"":56,""status"":""正常""}"
2026-09-29 14:50:00,dorm-b,verdict,,系统自动判定,"{""eid"":1790662080000,""result"":""recovered"",""readings"":1}"
2026-09-29 21:05:00,dorm-b,anomaly_start,持续高湿时间较长,,"{""eid"":1790687100000,""status"":""偏湿"",""temp"":24.6,""hum"":82}"
2026-09-29 21:05:00,dorm-b,priority,持续高湿时间较长,,"{""eid"":1790687100000,""reason"":""only"",""durationMs"":0,""count"":1}"
2026-09-29 21:06:00,dorm-c,anomaly_start,持续高湿时间较长,,"{""eid"":1790687160000,""status"":""偏湿"",""temp"":25.1,""hum"":84}"
2026-09-29 21:07:00,dorm-b,action,持续高湿时间较长,开启除湿机,"{""eid"":1790687100000,""devices"":{""fan"":false,""dehumidifier"":true,""light"":false},""mode"":null,""op"":""dehumidifier""}"
2026-09-29 21:08:00,dorm-c,action,持续高湿时间较长,开启除湿机,"{""eid"":1790687160000,""devices"":{""fan"":false,""dehumidifier"":true,""light"":false},""mode"":null,""op"":""dehumidifier""}"
2026-09-29 21:32:00,dorm-b,reading,持续高湿时间较长,,"{""eid"":1790687100000,""seq"":1,""temp"":23.9,""hum"":71,""status"":""正常""}"
2026-09-29 21:32:00,dorm-b,verdict,,系统自动判定,"{""eid"":1790687100000,""result"":""recovered"",""readings"":1}"
2026-09-29 21:33:00,dorm-c,priority,持续高湿时间较长,,"{""eid"":1790687160000,""reason"":""only"",""durationMs"":1620000,""count"":1}"
2026-09-29 21:35:00,dorm-c,reading,持续高湿时间较长,,"{""eid"":1790687160000,""seq"":1,""temp"":24.8,""hum"":78,""status"":""偏湿""}"
2026-09-29 21:35:00,dorm-c,verdict,,系统自动判定,"{""eid"":1790687160000,""result"":""attention"",""readings"":1}"
