time,temperature,humidity,status,photo_name,video_name,audio_name
2026-09-29 00:56:21,56,98,偏热+偏湿,,,
2026-09-29 00:56:32,56,98,偏热+偏湿,20260929_005632_photo_64c36090.jpg,,
2026-09-29 00:57:02,56,98,偏热+偏湿,,,20260929_005702_audio_e8a4346f.webm
2026-09-29 00:57:24,56,98,偏热+偏湿,,20260929_005724_video_160490fa.webm,
2026-09-29 01:05:04,56,98,偏热+偏湿,,,
2026-09-29 01:05:12,23,67,正常,,,
2026-09-29 01:05:33,23,67,正常,20260929_010533_photo_dbea933f.jpg,,
2026-09-29 01:05:44,23,67,正常,,20260929_010544_video_2434eacd.webm,
2026-09-29 01:06:23,23,67,正常,,,
