time,temperature,humidity,source
2026-09-20 00:00:00,24.4,62.9,模拟
2026-09-20 01:00:00,25.7,62.7,模拟
2026-09-20 02:00:00,24.7,61.9,模拟
2026-09-20 03:00:00,23.9,61.7,模拟
2026-09-20 04:00:00,25.4,59.0,模拟
2026-09-20 05:00:00,24.4,57.0,模拟
2026-09-20 06:00:00,25.6,57.6,模拟
2026-09-20 07:00:00,24.9,60.6,模拟
2026-09-20 08:00:00,25.8,60.6,模拟
2026-09-20 09:00:00,24.3,64.0,模拟
2026-09-20 10:00:00,24.1,58.4,模拟
2026-09-20 11:00:00,24.8,62.4,模拟
2026-09-20 12:00:00,24.2,63.7,模拟
2026-09-20 13:00:00,24.4,57.7,模拟
2026-09-20 14:00:00,25.7,54.9,模拟
2026-09-20 15:00:00,23.9,58.6,模拟
2026-09-20 16:00:00,24.8,57.1,模拟
2026-09-20 17:00:00,24.9,60.9,模拟
2026-09-20 18:00:00,25.8,58.5,模拟
2026-09-20 19:00:00,26.3,63.4,模拟
2026-09-20 20:00:00,24.8,61.9,模拟
2026-09-20 21:00:00,22.7,60.3,模拟
2026-09-20 22:00:00,24.8,58.9,模拟
2026-09-20 23:00:00,26.3,59.8,模拟
2026-09-21 00:00:00,26.1,57.4,模拟
2026-09-21 01:00:00,26.8,60.7,模拟
2026-09-21 02:00:00,24.9,63.1,模拟
2026-09-21 03:00:00,25.9,61.8,模拟
2026-09-21 04:00:00,24.4,57.1,模拟
2026-09-21 05:00:00,25.1,58.4,模拟
2026-09-21 06:00:00,24.8,61.6,模拟
2026-09-21 07:00:00,24.0,59.3,模拟
2026-09-21 08:00:00,26.5,58.8,模拟
2026-09-21 09:00:00,24.1,58.4,模拟
2026-09-21 10:00:00,25.3,60.7,模拟
2026-09-21 11:00:00,25.4,56.6,模拟
2026-09-21 12:00:00,25.0,60.0,模拟
2026-09-21 13:00:00,24.1,64.3,模拟
2026-09-21 14:00:00,25.1,66.5,模拟
2026-09-21 15:00:00,25.9,60.8,模拟
